{"mel_mean": -4.781946659088135, "mel_std": 1.8485980033874512}